idx,t_us,red,ir,green,finger,rb_used,flags
1973,36064642,738,671,0,0,1,0
1974,36074642,731,684,0,0,0,0
1975,36084642,731,684,0,0,0,2
1976,36094642,731,684,0,0,0,2
1977,36104642,731,684,0,0,0,2
1978,36114642,731,684,0,0,0,2
1979,36124642,731,684,0,0,0,2
1980,36134642,731,684,0,0,0,2
1981,36144642,731,684,0,0,0,2
1982,36154642,710,661,0,0,1,0
1983,36164642,712,648,0,0,0,0
1984,36174642,712,648,0,0,0,2
1985,36184642,712,648,0,0,0,2
1986,36194642,712,648,0,0,0,2
1987,36204642,744,696,0,0,1,0
1988,36214642,717,690,0,0,0,0
1989,36224642,717,690,0,0,0,2
1990,36234642,717,690,0,0,0,2
1991,36244642,717,690,0,0,0,2
1992,36254642,736,716,0,0,1,0
1993,36264642,735,679,0,0,0,0
1994,36274642,735,679,0,0,0,2
1995,36284642,735,679,0,0,0,2
1996,36294642,735,679,0,0,0,2
1997,36304642,729,659,0,0,1,0
1998,36314642,757,658,0,0,0,0
1999,36324642,757,658,0,0,0,2
2000,36334642,757,658,0,0,0,2
2001,36344642,757,658,0,0,0,2
2002,36354642,757,658,0,0,0,2
2003,36364642,757,658,0,0,0,2
2004,36374642,757,658,0,0,0,2
2005,36384642,757,658,0,0,0,2
2006,36394642,757,658,0,0,0,2
2007,36404642,750,642,0,0,1,0
2008,36414642,760,632,0,0,0,0
2009,36424642,760,632,0,0,0,2
2010,36434642,760,632,0,0,0,2
2011,36444642,725,698,0,0,1,0
2012,36454642,725,699,0,0,0,0
2013,36464642,725,699,0,0,0,2
2014,36474642,725,699,0,0,0,2
2015,36484642,725,699,0,0,0,2
2016,36494642,757,630,0,0,1,0
2017,36504642,760,614,0,0,0,0
2018,36514642,760,614,0,0,0,2
2019,36524642,760,614,0,0,0,2
2020,36534642,760,614,0,0,0,2
2021,36544642,713,695,0,0,1,0
2022,36554642,715,683,0,0,0,0
2023,36564642,715,683,0,0,0,2
2024,36574642,715,683,0,0,0,2
2025,36584642,715,683,0,0,0,2
2026,36594642,715,683,0,0,0,2
2027,36604642,715,683,0,0,0,2
2028,36614642,715,683,0,0,0,2
2029,36624642,715,683,0,0,0,2
2030,36634642,715,683,0,0,0,2
2031,36644642,752,637,0,0,1,0
2032,36654642,764,636,0,0,0,0
2033,36664642,764,636,0,0,0,2
2034,36674642,764,636,0,0,0,2
2035,36684642,764,636,0,0,0,2
2036,36694642,715,703,0,0,1,0
2037,36704642,707,693,0,0,0,0
2038,36714642,707,693,0,0,0,2
2039,36724642,707,693,0,0,0,2
2040,36734642,707,693,0,0,0,2
2041,36744642,728,710,0,0,1,0
2042,36754642,703,701,0,0,0,0
2043,36764642,703,701,0,0,0,2
2044,36774642,703,701,0,0,0,2
2045,36784642,703,701,0,0,0,2
2046,36794642,721,678,0,0,1,0
2047,36804642,716,678,0,0,0,0
2048,36814642,716,678,0,0,0,2
2049,36824642,716,678,0,0,0,2
2050,36834642,716,678,0,0,0,2
2051,36844642,716,678,0,0,0,2
2052,36854642,716,678,0,0,0,2
2053,36864642,716,678,0,0,0,2
2054,36874642,716,678,0,0,0,2
2055,36884642,786,626,0,0,1,0
2056,36894642,773,639,0,0,0,0
2057,36904642,773,639,0,0,0,2
2058,36914642,773,639,0,0,0,2
2059,36924642,773,639,0,0,0,2
2060,36934642,714,677,0,0,1,0
2061,36944642,688,678,0,0,0,0
2062,36954642,688,678,0,0,0,2
2063,36964642,688,678,0,0,0,2
2064,36974642,688,678,0,0,0,2
2065,36984642,751,707,0,0,1,0
2066,36994642,762,669,0,0,0,0
2067,37004642,762,669,0,0,0,2
2068,37014642,762,669,0,0,0,2
2069,37024642,762,669,0,0,0,2
2070,37034642,730,688,0,0,1,0
2071,37044642,716,665,0,0,0,0
2072,37054642,716,665,0,0,0,2
2073,37064642,716,665,0,0,0,2
2074,37074642,716,665,0,0,0,2
2075,37084642,716,665,0,0,0,2
2076,37094642,716,665,0,0,0,2
2077,37104642,716,665,0,0,0,2
2078,37114642,716,665,0,0,0,2
2079,37124642,716,665,0,0,0,2
2080,37134642,744,689,0,0,1,0
2081,37144642,722,669,0,0,0,0
2082,37154642,722,669,0,0,0,2
2083,37164642,722,669,0,0,0,2
2084,37174642,769,679,0,0,1,0
2085,37184642,731,682,0,0,0,0
2086,37194642,731,682,0,0,0,2
2087,37204642,731,682,0,0,0,2
2088,37214642,731,682,0,0,0,2
2089,37224642,737,667,0,0,1,0
2090,37234642,737,683,0,0,0,0
2091,37244642,737,683,0,0,0,2
2092,37254642,737,683,0,0,0,2
2093,37264642,737,683,0,0,0,2
2094,37274642,731,678,0,0,1,0
2095,37284642,756,683,0,0,0,0
2096,37294642,756,683,0,0,0,2
2097,37304642,756,683,0,0,0,2
2098,37314642,756,683,0,0,0,2
2099,37324642,756,683,0,0,0,2
2100,37334642,756,683,0,0,0,2
2101,37344642,756,683,0,0,0,2
2102,37354642,756,683,0,0,0,2
2103,37364642,756,683,0,0,0,2
2104,37374642,797,659,0,0,1,0
2105,37384642,750,688,0,0,0,0
2106,37394642,750,688,0,0,0,2
2107,37404642,750,688,0,0,0,2
2108,37414642,750,688,0,0,0,2
2109,37424642,751,680,0,0,1,0
2110,37434642,754,672,0,0,0,0
2111,37444642,754,672,0,0,0,2
2112,37454642,754,672,0,0,0,2
2113,37464642,754,672,0,0,0,2
2114,37474642,735,686,0,0,1,0
2115,37484642,726,692,0,0,0,0
2116,37494642,726,692,0,0,0,2
2117,37504642,726,692,0,0,0,2
2118,37514642,726,692,0,0,0,2
2119,37524642,733,686,0,0,1,0
2120,37534642,737,688,0,0,0,0
2121,37544642,737,688,0,0,0,2
2122,37554642,737,688,0,0,0,2
2123,37564642,737,688,0,0,0,2
2124,37574642,737,688,0,0,0,2
2125,37584642,737,688,0,0,0,2
2126,37594642,737,688,0,0,0,2
2127,37604642,737,688,0,0,0,2
2128,37614642,727,656,0,0,1,0
2129,37624642,739,671,0,0,0,0
2130,37634642,739,671,0,0,0,2
2131,37644642,739,671,0,0,0,2
2132,37654642,739,671,0,0,0,2
2133,37664642,741,674,0,0,1,0
2134,37674642,756,662,0,0,0,0
2135,37684642,756,662,0,0,0,2
2136,37694642,756,662,0,0,0,2
2137,37704642,756,662,0,0,0,2
2138,37714642,744,603,0,0,1,0
2139,37724642,737,638,0,0,0,0
2140,37734642,737,638,0,0,0,2
2141,37744642,737,638,0,0,0,2
2142,37754642,737,638,0,0,0,2
2143,37764642,750,632,0,0,1,0
2144,37774642,738,655,0,0,0,0
2145,37784642,738,655,0,0,0,2
2146,37794642,738,655,0,0,0,2
2147,37804642,738,655,0,0,0,2
2148,37814642,738,655,0,0,0,2
2149,37824642,738,655,0,0,0,2
2150,37834642,738,655,0,0,0,2
2151,37844642,738,655,0,0,0,2
2152,37854642,738,655,0,0,0,2
2153,37864642,731,659,0,0,1,0
2154,37874642,712,684,0,0,0,0
2155,37884642,712,684,0,0,0,2
2156,37894642,712,684,0,0,0,2
2157,37904642,702,651,0,0,1,0
2158,37914642,727,662,0,0,0,0
2159,37924642,727,662,0,0,0,2
2160,37934642,727,662,0,0,0,2
2161,37944642,727,662,0,0,0,2
2162,37954642,743,692,0,0,1,0
2163,37964642,735,714,0,0,0,0
2164,37974642,735,714,0,0,0,2
2165,37984642,735,714,0,0,0,2
2166,37994642,735,714,0,0,0,2
2167,38004642,713,696,0,0,1,0
2168,38014642,722,690,0,0,0,0
2169,38024642,722,690,0,0,0,2
2170,38034642,722,690,0,0,0,2
2171,38044642,722,690,0,0,0,2
2172,38054642,722,690,0,0,0,2
2173,38064642,722,690,0,0,0,2
2174,38074642,722,690,0,0,0,2
2175,38084642,722,690,0,0,0,2
2176,38094642,722,690,0,0,0,2
2177,38104642,815,715,0,0,1,0
2178,38114642,731,690,0,0,0,0
2179,38124642,731,690,0,0,0,2
2180,38134642,731,690,0,0,0,2
2181,38144642,731,690,0,0,0,2
2182,38154642,766,655,0,0,1,0
2183,38164642,759,649,0,0,0,0
2184,38174642,759,649,0,0,0,2
2185,38184642,759,649,0,0,0,2
2186,38194642,759,649,0,0,0,2
2187,38204642,747,654,0,0,1,0
2188,38214642,761,654,0,0,0,0
2189,38224642,761,654,0,0,0,2
2190,38234642,761,654,0,0,0,2
2191,38244642,761,654,0,0,0,2
2192,38254642,738,709,0,0,1,0
2193,38264642,710,699,0,0,0,0
2194,38274642,710,699,0,0,0,2
2195,38284642,710,699,0,0,0,2
2196,38294642,710,699,0,0,0,2
2197,38304642,710,699,0,0,0,2
2198,38314642,710,699,0,0,0,2
2199,38324642,710,699,0,0,0,2
2200,38334642,710,699,0,0,0,2
2201,38344642,703,698,0,0,1,0
2202,38354642,720,730,0,0,0,0
2203,38364642,720,730,0,0,0,2
2204,38374642,720,730,0,0,0,2
2205,38384642,720,730,0,0,0,2
2206,38394642,799,668,0,0,1,0
2207,38404642,776,644,0,0,0,0
2208,38414642,776,644,0,0,0,2
2209,38424642,776,644,0,0,0,2
2210,38434642,776,644,0,0,0,2
2211,38444642,696,697,0,0,1,0
2212,38454642,683,742,0,0,0,0
2213,38464642,683,742,0,0,0,2
2214,38474642,683,742,0,0,0,2
2215,38484642,683,742,0,0,0,2
2216,38494642,774,638,0,0,1,0
2217,38504642,751,647,0,0,0,0
2218,38514642,751,647,0,0,0,2
2219,38524642,751,647,0,0,0,2
2220,38534642,751,647,0,0,0,2
2221,38544642,751,647,0,0,0,2
2222,38554642,751,647,0,0,0,2
2223,38564642,751,647,0,0,0,2
2224,38574642,751,647,0,0,0,2
2225,38584642,712,697,0,0,1,0
2226,38594642,709,662,0,0,0,0
2227,38604642,709,662,0,0,0,2
2228,38614642,709,662,0,0,0,2
2229,38624642,709,662,0,0,0,2
2230,38634642,752,651,0,0,1,0
2231,38644642,756,683,0,0,0,0
2232,38654642,756,683,0,0,0,2
2233,38664642,756,683,0,0,0,2
2234,38674642,756,683,0,0,0,2
2235,38684642,735,661,0,0,1,0
2236,38694642,759,680,0,0,0,0
2237,38704642,759,680,0,0,0,2
2238,38714642,759,680,0,0,0,2
2239,38724642,759,680,0,0,0,2
2240,38734642,742,660,0,0,1,0
2241,38744642,730,678,0,0,0,0
2242,38754642,730,678,0,0,0,2
2243,38764642,730,678,0,0,0,2
2244,38774642,730,678,0,0,0,2
2245,38784642,730,678,0,0,0,2
2246,38794642,730,678,0,0,0,2
2247,38804642,730,678,0,0,0,2
2248,38814642,730,678,0,0,0,2
2249,38824642,730,678,0,0,0,2
2250,38834642,775,676,0,0,1,0
2251,38844642,741,696,0,0,0,0
2252,38854642,741,696,0,0,0,2
2253,38864642,741,696,0,0,0,2
2254,38874642,741,696,0,0,0,2
2255,38884642,744,670,0,0,1,0
2256,38894642,743,673,0,0,0,0
2257,38904642,743,673,0,0,0,2
2258,38914642,743,673,0,0,0,2
2259,38924642,743,673,0,0,0,2
2260,38934642,743,678,0,0,1,0
2261,38944642,737,660,0,0,0,0
2262,38954642,737,660,0,0,0,2
2263,38964642,737,660,0,0,0,2
2264,38974642,737,660,0,0,0,2
2265,38984642,737,680,0,0,1,0
2266,38994642,723,672,0,0,0,0
2267,39004642,723,672,0,0,0,2
2268,39014642,723,672,0,0,0,2
2269,39024642,723,672,0,0,0,2
2270,39034642,723,672,0,0,0,2
2271,39044642,723,672,0,0,0,2
2272,39054642,723,672,0,0,0,2
2273,39064642,723,672,0,0,0,2
2274,39074642,748,675,0,0,1,0
2275,39084642,743,676,0,0,0,0
2276,39094642,743,676,0,0,0,2
2277,39104642,743,676,0,0,0,2
2278,39114642,743,676,0,0,0,2
2279,39124642,750,692,0,0,1,0
2280,39134642,744,657,0,0,0,0
2281,39144642,744,657,0,0,0,2
2282,39154642,744,657,0,0,0,2
2283,39164642,744,657,0,0,0,2
2284,39174642,728,667,0,0,1,0
2285,39184642,739,666,0,0,0,0
2286,39194642,739,666,0,0,0,2
2287,39204642,739,666,0,0,0,2
2288,39214642,739,666,0,0,0,2
2289,39224642,745,677,0,0,1,0
2290,39234642,737,671,0,0,0,0
2291,39244642,737,671,0,0,0,2
2292,39254642,737,671,0,0,0,2
2293,39264642,737,671,0,0,0,2
2294,39274642,737,671,0,0,0,2
2295,39284642,737,671,0,0,0,2
2296,39294642,737,671,0,0,0,2
2297,39304642,737,671,0,0,0,2
2298,39314642,744,687,0,0,1,0
2299,39324642,742,683,0,0,0,0
2300,39334642,742,683,0,0,0,2
2301,39344642,742,683,0,0,0,2
2302,39354642,742,683,0,0,0,2
2303,39364642,758,644,0,0,1,0
2304,39374642,741,665,0,0,0,0
2305,39384642,741,665,0,0,0,2
2306,39394642,741,665,0,0,0,2
2307,39404642,741,665,0,0,0,2
2308,39414642,772,667,0,0,1,0
2309,39424642,754,687,0,0,0,0
2310,39434642,754,687,0,0,0,2
2311,39444642,754,687,0,0,0,2
2312,39454642,754,687,0,0,0,2
2313,39464642,739,630,0,0,1,0
2314,39474642,732,668,0,0,0,0
2315,39484642,732,668,0,0,0,2
2316,39494642,732,668,0,0,0,2
2317,39504642,732,668,0,0,0,2
2318,39514642,732,668,0,0,0,2
2319,39524642,732,668,0,0,0,2
2320,39534642,732,668,0,0,0,2
2321,39544642,732,668,0,0,0,2
2322,39554642,732,668,0,0,0,2
2323,39564642,728,657,0,0,1,0
2324,39574642,718,672,0,0,0,0
2325,39584642,718,672,0,0,0,2
2326,39594642,718,672,0,0,0,2
2327,39604642,718,672,0,0,0,2
2328,39614642,698,662,0,0,1,0
2329,39624642,721,649,0,0,0,0
2330,39634642,721,649,0,0,0,2
2331,39644642,721,649,0,0,0,2
2332,39654642,721,649,0,0,0,2
2333,39664642,731,687,0,0,1,0
2334,39674642,731,723,0,0,0,0
2335,39684642,731,723,0,0,0,2
2336,39694642,731,723,0,0,0,2
2337,39704642,731,723,0,0,0,2
2338,39714642,699,665,0,0,1,0
2339,39724642,741,658,0,0,0,0
2340,39734642,741,658,0,0,0,2
2341,39744642,741,658,0,0,0,2
2342,39754642,741,658,0,0,0,2
2343,39764642,741,658,0,0,0,2
2344,39774642,741,658,0,0,0,2
2345,39784642,741,658,0,0,0,2
2346,39794642,741,658,0,0,0,2
2347,39804642,738,645,0,0,1,0
2348,39814642,746,662,0,0,0,0
2349,39824642,746,662,0,0,0,2
2350,39834642,746,662,0,0,0,2
2351,39844642,746,662,0,0,0,2
2352,39854642,739,712,0,0,1,0
2353,39864642,735,694,0,0,0,0
2354,39874642,735,694,0,0,0,2
2355,39884642,735,694,0,0,0,2
2356,39894642,735,694,0,0,0,2
2357,39904642,723,702,0,0,1,0
2358,39914642,730,696,0,0,0,0
2359,39924642,730,696,0,0,0,2
2360,39934642,730,696,0,0,0,2
2361,39944642,730,696,0,0,0,2
2362,39954642,764,635,0,0,1,0
2363,39964642,759,664,0,0,0,0
2364,39974642,759,664,0,0,0,2
2365,39984642,759,664,0,0,0,2
2366,39994642,759,664,0,0,0,2
2367,40004642,759,664,0,0,0,2
2368,40014642,759,664,0,0,0,2
2369,40024642,759,664,0,0,0,2
2370,40034642,759,664,0,0,0,2
2371,40044642,779,605,0,0,1,0
2372,40054642,763,639,0,0,0,0
2373,40064642,763,639,0,0,0,2
2374,40074642,763,639,0,0,0,2
2375,40084642,763,639,0,0,0,2
2376,40094642,784,649,0,0,1,0
2377,40104642,795,639,0,0,0,0
2378,40114642,795,639,0,0,0,2
2379,40124642,795,639,0,0,0,2
2380,40134642,795,639,0,0,0,2
2381,40144642,718,711,0,0,1,0
2382,40154642,697,724,0,0,0,0
2383,40164642,697,724,0,0,0,2
2384,40174642,697,724,0,0,0,2
2385,40184642,697,724,0,0,0,2
2386,40194642,709,707,0,0,1,0
2387,40204642,719,684,0,0,0,0
2388,40214642,719,684,0,0,0,2
2389,40224642,719,684,0,0,0,2
2390,40234642,719,684,0,0,0,2
2391,40244642,719,684,0,0,0,2
2392,40254642,719,684,0,0,0,2
2393,40264642,719,684,0,0,0,2
2394,40274642,719,684,0,0,0,2
2395,40284642,719,684,0,0,0,2
2396,40294642,779,688,0,0,1,0
2397,40304642,725,678,0,0,0,0
2398,40314642,725,678,0,0,0,2
2399,40324642,725,678,0,0,0,2
2400,40334642,725,678,0,0,0,2
2401,40344642,678,681,0,0,1,0
2402,40354642,687,658,0,0,0,0
2403,40364642,687,658,0,0,0,2
2404,40374642,687,658,0,0,0,2
2405,40384642,687,658,0,0,0,2
2406,40394642,710,661,0,0,1,0
2407,40404642,682,682,0,0,0,0
2408,40414642,682,682,0,0,0,2
2409,40424642,682,682,0,0,0,2
2410,40434642,682,682,0,0,0,2
2411,40444642,716,674,0,0,1,0
2412,40454642,706,671,0,0,0,0
2413,40464642,706,671,0,0,0,2
2414,40474642,706,671,0,0,0,2
2415,40484642,706,671,0,0,0,2
2416,40494642,706,671,0,0,0,2
2417,40504642,706,671,0,0,0,2
2418,40514642,706,671,0,0,0,2
2419,40524642,706,671,0,0,0,2
2420,40534642,751,642,0,0,1,0
2421,40544642,741,686,0,0,0,0
2422,40554642,741,686,0,0,0,2
2423,40564642,741,686,0,0,0,2
2424,40574642,741,686,0,0,0,2
2425,40584642,707,669,0,0,1,0
2426,40594642,720,675,0,0,0,0
2427,40604642,720,675,0,0,0,2
2428,40614642,720,675,0,0,0,2
2429,40624642,720,675,0,0,0,2
2430,40634642,727,667,0,0,1,0
2431,40644642,735,677,0,0,0,0
2432,40654642,735,677,0,0,0,2
2433,40664642,735,677,0,0,0,2
2434,40674642,735,677,0,0,0,2
2435,40684642,730,674,0,0,1,0
2436,40694642,734,680,0,0,0,0
2437,40704642,734,680,0,0,0,2
2438,40714642,734,680,0,0,0,2
2439,40724642,734,680,0,0,0,2
2440,40734642,734,680,0,0,0,2
2441,40744642,734,680,0,0,0,2
2442,40754642,734,680,0,0,0,2
2443,40764642,734,680,0,0,0,2
2444,40774642,734,680,0,0,0,2
2445,40784642,632,672,0,0,1,0
2446,40794642,743,681,0,0,0,0
2447,40804642,743,681,0,0,0,2
2448,40814642,743,681,0,0,0,2
2449,40824642,746,641,0,0,1,0
2450,40834642,757,687,0,0,0,0
2451,40844642,757,687,0,0,0,2
2452,40854642,757,687,0,0,0,2
2453,40864642,757,687,0,0,0,2
2454,40874642,734,677,0,0,1,0
2455,40884642,747,694,0,0,0,0
2456,40894642,747,694,0,0,0,2
2457,40904642,747,694,0,0,0,2
2458,40914642,747,694,0,0,0,2
2459,40924642,735,683,0,0,1,0
2460,40934642,732,659,0,0,0,0
2461,40944642,732,659,0,0,0,2
2462,40954642,732,659,0,0,0,2
2463,40964642,732,659,0,0,0,2
2464,40974642,732,659,0,0,0,2
2465,40984642,732,659,0,0,0,2
2466,40994642,732,659,0,0,0,2
2467,41004642,732,659,0,0,0,2
2468,41014642,732,659,0,0,0,2
2469,41024642,641,677,0,0,1,0
2470,41034642,739,710,0,0,0,0
2471,41044642,739,710,0,0,0,2
2472,41054642,739,710,0,0,0,2
2473,41064642,739,710,0,0,0,2
2474,41074642,752,682,0,0,1,0
2475,41084642,742,683,0,0,0,0
2476,41094642,742,683,0,0,0,2
2477,41104642,742,683,0,0,0,2
2478,41114642,742,683,0,0,0,2
2479,41124642,725,661,0,0,1,0
2480,41134642,740,657,0,0,0,0
2481,41144642,740,657,0,0,0,2
2482,41154642,740,657,0,0,0,2
2483,41164642,740,657,0,0,0,2
2484,41174642,751,674,0,0,1,0
2485,41184642,722,679,0,0,0,0
2486,41194642,722,679,0,0,0,2
2487,41204642,722,679,0,0,0,2
2488,41214642,722,679,0,0,0,2
2489,41224642,722,679,0,0,0,2
2490,41234642,722,679,0,0,0,2
2491,41244642,722,679,0,0,0,2
2492,41254642,722,679,0,0,0,2
2493,41264642,753,630,0,0,1,0
2494,41274642,734,634,0,0,0,0
2495,41284642,734,634,0,0,0,2
2496,41294642,734,634,0,0,0,2
2497,41304642,734,634,0,0,0,2
2498,41314642,743,628,0,0,1,0
2499,41324642,742,635,0,0,0,0
2500,41334642,742,635,0,0,0,2
2501,41344642,742,635,0,0,0,2
2502,41354642,742,635,0,0,0,2
2503,41364642,732,628,0,0,1,0
2504,41374642,738,650,0,0,0,0
2505,41384642,738,650,0,0,0,2
2506,41394642,738,650,0,0,0,2
2507,41404642,738,650,0,0,0,2
2508,41414642,751,664,0,0,1,0
2509,41424642,701,650,0,0,0,0
2510,41434642,701,650,0,0,0,2
2511,41444642,701,650,0,0,0,2
2512,41454642,701,650,0,0,0,2
2513,41464642,701,650,0,0,0,2
2514,41474642,701,650,0,0,0,2
2515,41484642,701,650,0,0,0,2
2516,41494642,701,650,0,0,0,2
2517,41504642,701,650,0,0,0,2
2518,41514642,731,705,0,0,1,0
2519,41524642,741,661,0,0,0,0
2520,41534642,741,661,0,0,0,2
2521,41544642,741,661,0,0,0,2
2522,41554642,725,686,0,0,1,0
2523,41564642,739,680,0,0,0,0
2524,41574642,739,680,0,0,0,2
2525,41584642,739,680,0,0,0,2
2526,41594642,739,680,0,0,0,2
2527,41604642,729,658,0,0,1,0
2528,41614642,713,667,0,0,0,0
2529,41624642,713,667,0,0,0,2
2530,41634642,713,667,0,0,0,2
2531,41644642,713,667,0,0,0,2
2532,41654642,736,640,0,0,1,0
2533,41664642,772,668,0,0,0,0
2534,41674642,772,668,0,0,0,2
2535,41684642,772,668,0,0,0,2
2536,41694642,772,668,0,0,0,2
2537,41704642,772,668,0,0,0,2
2538,41714642,772,668,0,0,0,2
2539,41724642,772,668,0,0,0,2
2540,41734642,772,668,0,0,0,2
2541,41744642,772,668,0,0,0,2
2542,41754642,718,641,0,0,1,0
2543,41764642,749,652,0,0,0,0
2544,41774642,749,652,0,0,0,2
2545,41784642,749,652,0,0,0,2
2546,41794642,749,652,0,0,0,2
2547,41804642,714,692,0,0,1,0
2548,41814642,719,708,0,0,0,0
2549,41824642,719,708,0,0,0,2
2550,41834642,719,708,0,0,0,2
2551,41844642,719,708,0,0,0,2
2552,41854642,753,636,0,0,1,0
2553,41864642,754,675,0,0,0,0
2554,41874642,754,675,0,0,0,2
2555,41884642,754,675,0,0,0,2
2556,41894642,754,675,0,0,0,2
2557,41904642,717,691,0,0,1,0
2558,41914642,719,676,0,0,0,0
2559,41924642,719,676,0,0,0,2
2560,41934642,719,676,0,0,0,2
2561,41944642,719,676,0,0,0,2
2562,41954642,719,676,0,0,0,2
2563,41964642,719,676,0,0,0,2
2564,41974642,719,676,0,0,0,2
2565,41984642,719,676,0,0,0,2
2566,41994642,716,732,0,0,1,0
2567,42004642,710,704,0,0,0,0
2568,42014642,710,704,0,0,0,2
2569,42024642,710,704,0,0,0,2
2570,42034642,710,704,0,0,0,2
2571,42044642,741,708,0,0,1,0
2572,42054642,704,693,0,0,0,0
2573,42064642,704,693,0,0,0,2
2574,42074642,704,693,0,0,0,2
2575,42084642,704,693,0,0,0,2
2576,42094642,711,709,0,0,1,0
2577,42104642,723,715,0,0,0,0
2578,42114642,723,715,0,0,0,2
2579,42124642,723,715,0,0,0,2
2580,42134642,723,715,0,0,0,2
2581,42144642,753,651,0,0,1,0
2582,42154642,775,653,0,0,0,0
2583,42164642,775,653,0,0,0,2
2584,42174642,775,653,0,0,0,2
2585,42184642,775,653,0,0,0,2
2586,42194642,775,653,0,0,0,2
2587,42204642,775,653,0,0,0,2
2588,42214642,775,653,0,0,0,2
2589,42224642,775,653,0,0,0,2
2590,42234642,772,649,0,0,1,0
2591,42244642,755,611,0,0,0,0
2592,42254642,755,611,0,0,0,2
2593,42264642,755,611,0,0,0,2
2594,42274642,755,611,0,0,0,2
2595,42284642,783,629,0,0,1,0
2596,42294642,796,636,0,0,0,0
2597,42304642,796,636,0,0,0,2
2598,42314642,796,636,0,0,0,2
2599,42324642,796,636,0,0,0,2
2600,42334642,783,625,0,0,1,0
2601,42344642,767,637,0,0,0,0
2602,42354642,767,637,0,0,0,2
2603,42364642,767,637,0,0,0,2
2604,42374642,767,637,0,0,0,2
2605,42384642,767,679,0,0,1,0
2606,42394642,729,695,0,0,0,0
2607,42404642,729,695,0,0,0,2
2608,42414642,729,695,0,0,0,2
2609,42424642,729,695,0,0,0,2
2610,42434642,729,695,0,0,0,2
2611,42444642,729,695,0,0,0,2
2612,42454642,729,695,0,0,0,2
2613,42464642,729,695,0,0,0,2
2614,42474642,729,695,0,0,0,2
2615,42484642,715,646,0,0,1,0
2616,42494642,715,681,0,0,0,0
2617,42504642,715,681,0,0,0,2
2618,42514642,715,681,0,0,0,2
2619,42524642,715,681,0,0,0,2
2620,42534642,718,685,0,0,1,0
2621,42544642,737,696,0,0,0,0
2622,42554642,737,696,0,0,0,2
2623,42564642,737,696,0,0,0,2
2624,42574642,737,696,0,0,0,2
2625,42584642,749,666,0,0,1,0
2626,42594642,708,673,0,0,0,0
2627,42604642,708,673,0,0,0,2
2628,42614642,708,673,0,0,0,2
2629,42624642,708,673,0,0,0,2
2630,42634642,731,673,0,0,1,0
2631,42644642,744,686,0,0,0,0
2632,42654642,744,686,0,0,0,2
2633,42664642,744,686,0,0,0,2
2634,42674642,744,686,0,0,0,2
2635,42684642,744,686,0,0,0,2
2636,42694642,744,686,0,0,0,2
2637,42704642,744,686,0,0,0,2
2638,42714642,744,686,0,0,0,2
2639,42724642,762,673,0,0,1,0
2640,42734642,733,685,0,0,0,0
2641,42744642,733,685,0,0,0,2
2642,42754642,733,685,0,0,0,2
2643,42764642,733,685,0,0,0,2
2644,42774642,748,686,0,0,1,0
2645,42784642,714,680,0,0,0,0
2646,42794642,714,680,0,0,0,2
2647,42804642,714,680,0,0,0,2
2648,42814642,714,680,0,0,0,2
2649,42824642,748,670,0,0,1,0
2650,42834642,734,665,0,0,0,0
2651,42844642,734,665,0,0,0,2
2652,42854642,734,665,0,0,0,2
2653,42864642,734,665,0,0,0,2
2654,42874642,765,670,0,0,1,0
2655,42884642,726,656,0,0,0,0
2656,42894642,726,656,0,0,0,2
2657,42904642,726,656,0,0,0,2
2658,42914642,726,656,0,0,0,2
2659,42924642,726,656,0,0,0,2
2660,42934642,726,656,0,0,0,2
2661,42944642,726,656,0,0,0,2
2662,42954642,726,656,0,0,0,2
2663,42964642,737,648,0,0,1,0
2664,42974642,729,657,0,0,0,0
2665,42984642,729,657,0,0,0,2
2666,42994642,729,657,0,0,0,2
2667,43004642,729,657,0,0,0,2
2668,43014642,718,654,0,0,1,0
2669,43024642,751,680,0,0,0,0
2670,43034642,751,680,0,0,0,2
2671,43044642,751,680,0,0,0,2
2672,43054642,751,680,0,0,0,2
2673,43064642,745,644,0,0,1,0
2674,43074642,736,685,0,0,0,0
2675,43084642,736,685,0,0,0,2
2676,43094642,736,685,0,0,0,2
2677,43104642,736,685,0,0,0,2
2678,43114642,740,663,0,0,1,0
2679,43124642,743,649,0,0,0,0
2680,43134642,743,649,0,0,0,2
2681,43144642,743,649,0,0,0,2
2682,43154642,743,649,0,0,0,2
2683,43164642,743,649,0,0,0,2
2684,43174642,743,649,0,0,0,2
2685,43184642,743,649,0,0,0,2
2686,43194642,743,649,0,0,0,2
2687,43204642,743,649,0,0,0,2
2688,43214642,689,657,0,0,1,0
2689,43224642,734,649,0,0,0,0
2690,43234642,734,649,0,0,0,2
2691,43244642,734,649,0,0,0,2
2692,43254642,734,649,0,0,0,2
2693,43264642,750,627,0,0,1,0
2694,43274642,735,656,0,0,0,0
2695,43284642,735,656,0,0,0,2
2696,43294642,735,656,0,0,0,2
2697,43304642,735,656,0,0,0,2
2698,43314642,752,674,0,0,1,0
2699,43324642,727,656,0,0,0,0
2700,43334642,727,656,0,0,0,2
2701,43344642,727,656,0,0,0,2
2702,43354642,727,656,0,0,0,2
2703,43364642,712,684,0,0,1,0
2704,43374642,718,647,0,0,0,0
2705,43384642,718,647,0,0,0,2
2706,43394642,718,647,0,0,0,2
2707,43404642,718,647,0,0,0,2
2708,43414642,718,647,0,0,0,2
2709,43424642,718,647,0,0,0,2
2710,43434642,718,647,0,0,0,2
2711,43444642,718,647,0,0,0,2
2712,43454642,744,699,0,0,1,0
2713,43464642,746,704,0,0,0,0
2714,43474642,746,704,0,0,0,2
2715,43484642,746,704,0,0,0,2
2716,43494642,746,704,0,0,0,2
2717,43504642,708,669,0,0,1,0
2718,43514642,735,664,0,0,0,0
2719,43524642,735,664,0,0,0,2
2720,43534642,735,664,0,0,0,2
2721,43544642,735,664,0,0,0,2
2722,43554642,733,713,0,0,1,0
2723,43564642,743,693,0,0,0,0
2724,43574642,743,693,0,0,0,2
2725,43584642,743,693,0,0,0,2
2726,43594642,743,693,0,0,0,2
2727,43604642,740,678,0,0,1,0
2728,43614642,740,688,0,0,0,0
2729,43624642,740,688,0,0,0,2
2730,43634642,740,688,0,0,0,2
2731,43644642,740,688,0,0,0,2
2732,43654642,740,688,0,0,0,2
2733,43664642,740,688,0,0,0,2
2734,43674642,740,688,0,0,0,2
2735,43684642,740,688,0,0,0,2
2736,43694642,740,688,0,0,0,2
2737,43704642,743,638,0,0,1,0
2738,43714642,766,603,0,0,0,0
2739,43724642,766,603,0,0,0,2
2740,43734642,766,603,0,0,0,2
2741,43744642,754,647,0,0,1,0
2742,43754642,759,671,0,0,0,0
2743,43764642,759,671,0,0,0,2
2744,43774642,759,671,0,0,0,2
2745,43784642,759,671,0,0,0,2
2746,43794642,766,644,0,0,1,0
2747,43804642,770,619,0,0,0,0
2748,43814642,770,619,0,0,0,2
2749,43824642,770,619,0,0,0,2
2750,43834642,770,619,0,0,0,2
2751,43844642,719,695,0,0,1,0
2752,43854642,718,719,0,0,0,0
2753,43864642,718,719,0,0,0,2
2754,43874642,718,719,0,0,0,2
2755,43884642,718,719,0,0,0,2
2756,43894642,718,719,0,0,0,2
2757,43904642,718,719,0,0,0,2
2758,43914642,718,719,0,0,0,2
2759,43924642,718,719,0,0,0,2
2760,43934642,718,719,0,0,0,2
2761,43944642,712,649,0,0,1,0
2762,43954642,761,635,0,0,0,0
2763,43964642,761,635,0,0,0,2
2764,43974642,761,635,0,0,0,2
2765,43984642,761,635,0,0,0,2
2766,43994642,749,653,0,0,1,0
2767,44004642,777,657,0,0,0,0
2768,44014642,777,657,0,0,0,2
2769,44024642,777,657,0,0,0,2
2770,44034642,777,657,0,0,0,2
2771,44044642,766,627,0,0,1,0
2772,44054642,767,631,0,0,0,0
2773,44064642,767,631,0,0,0,2
2774,44074642,767,631,0,0,0,2
2775,44084642,767,631,0,0,0,2
2776,44094642,707,661,0,0,1,0
2777,44104642,728,669,0,0,0,0
2778,44114642,728,669,0,0,0,2
2779,44124642,728,669,0,0,0,2
2780,44134642,728,669,0,0,0,2
2781,44144642,728,669,0,0,0,2
2782,44154642,728,669,0,0,0,2
2783,44164642,728,669,0,0,0,2
2784,44174642,728,669,0,0,0,2
2785,44184642,709,654,0,0,1,0
2786,44194642,717,672,0,0,0,0
2787,44204642,717,672,0,0,0,2
2788,44214642,717,672,0,0,0,2
2789,44224642,717,672,0,0,0,2
2790,44234642,707,669,0,0,1,0
2791,44244642,696,667,0,0,0,0
2792,44254642,696,667,0,0,0,2
2793,44264642,696,667,0,0,0,2
2794,44274642,696,667,0,0,0,2
2795,44284642,689,681,0,0,1,0
2796,44294642,708,645,0,0,0,0
2797,44304642,708,645,0,0,0,2
2798,44314642,708,645,0,0,0,2
2799,44324642,708,645,0,0,0,2
2800,44334642,713,671,0,0,1,0
2801,44344642,731,672,0,0,0,0
2802,44354642,731,672,0,0,0,2
2803,44364642,731,672,0,0,0,2
2804,44374642,731,672,0,0,0,2
2805,44384642,731,672,0,0,0,2
2806,44394642,731,672,0,0,0,2
2807,44404642,731,672,0,0,0,2
2808,44414642,731,672,0,0,0,2
2809,44424642,731,672,0,0,0,2
2810,44434642,741,661,0,0,1,0
2811,44444642,744,669,0,0,0,0
2812,44454642,744,669,0,0,0,2
2813,44464642,744,669,0,0,0,2
2814,44474642,753,678,0,0,1,0
2815,44484642,734,664,0,0,0,0
2816,44494642,734,664,0,0,0,2
2817,44504642,734,664,0,0,0,2
2818,44514642,734,664,0,0,0,2
2819,44524642,743,669,0,0,1,0
2820,44534642,757,658,0,0,0,0
2821,44544642,757,658,0,0,0,2
2822,44554642,757,658,0,0,0,2
2823,44564642,757,658,0,0,0,2
2824,44574642,765,678,0,0,1,0
2825,44584642,747,661,0,0,0,0
2826,44594642,747,661,0,0,0,2
2827,44604642,747,661,0,0,0,2
2828,44614642,747,661,0,0,0,2
2829,44624642,747,661,0,0,0,2
2830,44634642,747,661,0,0,0,2
2831,44644642,747,661,0,0,0,2
2832,44654642,747,661,0,0,0,2
2833,44664642,747,661,0,0,0,2
2834,44674642,754,658,0,0,1,0
2835,44684642,738,643,0,0,0,0
2836,44694642,738,643,0,0,0,2
2837,44704642,738,643,0,0,0,2
2838,44714642,738,643,0,0,0,2
2839,44724642,732,664,0,0,1,0
2840,44734642,738,673,0,0,0,0
2841,44744642,738,673,0,0,0,2
2842,44754642,738,673,0,0,0,2
2843,44764642,738,673,0,0,0,2
2844,44774642,747,667,0,0,1,0
2845,44784642,744,653,0,0,0,0
2846,44794642,744,653,0,0,0,2
2847,44804642,744,653,0,0,0,2
2848,44814642,744,653,0,0,0,2
2849,44824642,737,684,0,0,1,0
2850,44834642,752,636,0,0,0,0
2851,44844642,752,636,0,0,0,2
2852,44854642,752,636,0,0,0,2
2853,44864642,752,636,0,0,0,2
2854,44874642,752,636,0,0,0,2
2855,44884642,752,636,0,0,0,2
2856,44894642,752,636,0,0,0,2
2857,44904642,752,636,0,0,0,2
2858,44914642,750,630,0,0,1,0
2859,44924642,735,648,0,0,0,0
2860,44934642,735,648,0,0,0,2
2861,44944642,735,648,0,0,0,2
2862,44954642,735,648,0,0,0,2
2863,44964642,745,647,0,0,1,0
2864,44974642,744,639,0,0,0,0
2865,44984642,744,639,0,0,0,2
2866,44994642,744,639,0,0,0,2
2867,45004642,744,639,0,0,0,2
2868,45014642,733,619,0,0,1,0
2869,45024642,743,647,0,0,0,0
2870,45034642,743,647,0,0,0,2
2871,45044642,743,647,0,0,0,2
2872,45054642,743,647,0,0,0,2
2873,45064642,737,672,0,0,1,0
2874,45074642,733,677,0,0,0,0
2875,45084642,733,677,0,0,0,2
2876,45094642,733,677,0,0,0,2
2877,45104642,733,677,0,0,0,2
2878,45114642,733,677,0,0,0,2
2879,45124642,733,677,0,0,0,2
2880,45134642,733,677,0,0,0,2
2881,45144642,733,677,0,0,0,2
2882,45154642,733,677,0,0,0,2
2883,45164642,688,681,0,0,1,0
2884,45174642,735,699,0,0,0,0
2885,45184642,735,699,0,0,0,2
2886,45194642,735,699,0,0,0,2
2887,45204642,760,659,0,0,1,0
2888,45214642,733,686,0,0,0,0
2889,45224642,733,686,0,0,0,2
2890,45234642,733,686,0,0,0,2
2891,45244642,733,686,0,0,0,2
2892,45254642,737,697,0,0,1,0
2893,45264642,732,709,0,0,0,0
2894,45274642,732,709,0,0,0,2
2895,45284642,732,709,0,0,0,2
2896,45294642,732,709,0,0,0,2
2897,45304642,717,693,0,0,1,0
2898,45314642,728,707,0,0,0,0
2899,45324642,728,707,0,0,0,2
2900,45334642,728,707,0,0,0,2
2901,45344642,728,707,0,0,0,2
2902,45354642,728,707,0,0,0,2
2903,45364642,728,707,0,0,0,2
2904,45374642,728,707,0,0,0,2
2905,45384642,728,707,0,0,0,2
2906,45394642,728,707,0,0,0,2
2907,45404642,719,652,0,0,1,0
2908,45414642,753,657,0,0,0,0
2909,45424642,753,657,0,0,0,2
2910,45434642,753,657,0,0,0,2
2911,45444642,753,657,0,0,0,2
2912,45454642,721,698,0,0,1,0
2913,45464642,717,706,0,0,0,0
2914,45474642,717,706,0,0,0,2
2915,45484642,717,706,0,0,0,2
2916,45494642,717,706,0,0,0,2
2917,45504642,726,709,0,0,1,0
2918,45514642,704,688,0,0,0,0
2919,45524642,704,688,0,0,0,2
2920,45534642,704,688,0,0,0,2
2921,45544642,704,688,0,0,0,2
2922,45554642,695,704,0,0,1,0
2923,45564642,710,702,0,0,0,0
2924,45574642,710,702,0,0,0,2
2925,45584642,710,702,0,0,0,2
2926,45594642,710,702,0,0,0,2
2927,45604642,710,702,0,0,0,2
2928,45614642,710,702,0,0,0,2
2929,45624642,710,702,0,0,0,2
2930,45634642,710,702,0,0,0,2
2931,45644642,719,708,0,0,1,0
2932,45654642,744,702,0,0,0,0
2933,45664642,744,702,0,0,0,2
2934,45674642,744,702,0,0,0,2
2935,45684642,744,702,0,0,0,2
2936,45694642,716,698,0,0,1,0
2937,45704642,702,714,0,0,0,0
2938,45714642,702,714,0,0,0,2
2939,45724642,702,714,0,0,0,2
2940,45734642,702,714,0,0,0,2
2941,45744642,763,653,0,0,1,0
2942,45754642,781,642,0,0,0,0
2943,45764642,781,642,0,0,0,2
2944,45774642,781,642,0,0,0,2
2945,45784642,781,642,0,0,0,2
2946,45794642,745,640,0,0,1,0
2947,45804642,756,650,0,0,0,0
2948,45814642,756,650,0,0,0,2
2949,45824642,756,650,0,0,0,2
2950,45834642,756,650,0,0,0,2
2951,45844642,756,650,0,0,0,2
2952,45854642,756,650,0,0,0,2
2953,45864642,756,650,0,0,0,2
2954,45874642,756,650,0,0,0,2
2955,45884642,756,650,0,0,0,2
2956,45894642,771,652,0,0,1,0
2957,45904642,752,602,0,0,0,0
2958,45914642,752,602,0,0,0,2
2959,45924642,752,602,0,0,0,2
2960,45934642,752,602,0,0,0,2
2961,45944642,758,660,0,0,1,0
2962,45954642,766,669,0,0,0,0
2963,45964642,766,669,0,0,0,2
2964,45974642,766,669,0,0,0,2
2965,45984642,740,692,0,0,1,0
2966,45994642,747,684,0,0,0,0
2967,46004642,747,684,0,0,0,2
2968,46014642,747,684,0,0,0,2
2969,46024642,747,684,0,0,0,2
2970,46034642,720,682,0,0,1,0
2971,46044642,751,691,0,0,0,0
2972,46054642,751,691,0,0,0,2
2973,46064642,751,691,0,0,0,2
2974,46074642,751,691,0,0,0,2
2975,46084642,751,691,0,0,0,2
2976,46094642,751,691,0,0,0,2
2977,46104642,751,691,0,0,0,2
2978,46114642,751,691,0,0,0,2
2979,46124642,751,691,0,0,0,2
2980,46134642,768,694,0,0,1,0
2981,46144642,731,680,0,0,0,0
2982,46154642,731,680,0,0,0,2
2983,46164642,731,680,0,0,0,2
2984,46174642,731,680,0,0,0,2
2985,46184642,735,674,0,0,1,0
2986,46194642,716,671,0,0,0,0
2987,46204642,716,671,0,0,0,2
2988,46214642,716,671,0,0,0,2
2989,46224642,716,671,0,0,0,2
2990,46234642,752,681,0,0,1,0
2991,46244642,739,698,0,0,0,0
2992,46254642,739,698,0,0,0,2
2993,46264642,739,698,0,0,0,2
2994,46274642,739,698,0,0,0,2
2995,46284642,740,688,0,0,1,0
2996,46294642,735,675,0,0,0,0
2997,46304642,735,675,0,0,0,2
2998,46314642,735,675,0,0,0,2
2999,46324642,735,675,0,0,0,2
3000,46334642,735,675,0,0,0,2
3001,46344642,735,675,0,0,0,2
3002,46354642,735,675,0,0,0,2
3003,46364642,735,675,0,0,0,2
3004,46374642,739,663,0,0,1,0
3005,46384642,740,662,0,0,0,0
3006,46394642,740,662,0,0,0,2
3007,46404642,740,662,0,0,0,2
3008,46414642,740,662,0,0,0,2
3009,46424642,735,672,0,0,1,0
3010,46434642,730,668,0,0,0,0
3011,46444642,730,668,0,0,0,2
3012,46454642,730,668,0,0,0,2
3013,46464642,730,668,0,0,0,2
3014,46474642,731,684,0,0,1,0
3015,46484642,748,661,0,0,0,0
3016,46494642,748,661,0,0,0,2
3017,46504642,748,661,0,0,0,2
3018,46514642,748,661,0,0,0,2
3019,46524642,754,646,0,0,1,0
3020,46534642,751,679,0,0,0,0
3021,46544642,751,679,0,0,0,2
3022,46554642,751,679,0,0,0,2
3023,46564642,751,679,0,0,0,2
3024,46574642,751,679,0,0,0,2
3025,46584642,751,679,0,0,0,2
3026,46594642,751,679,0,0,0,2
3027,46604642,751,679,0,0,0,2
3028,46614642,751,679,0,0,0,2
3029,46624642,734,668,0,0,1,0
3030,46634642,751,670,0,0,0,0
3031,46644642,751,670,0,0,0,2
3032,46654642,751,670,0,0,0,2
3033,46664642,734,706,0,0,1,0
3034,46674642,711,677,0,0,0,0
3035,46684642,711,677,0,0,0,2
3036,46694642,711,677,0,0,0,2
3037,46704642,711,677,0,0,0,2
3038,46714642,748,644,0,0,1,0
3039,46724642,735,654,0,0,0,0
3040,46734642,735,654,0,0,0,2
3041,46744642,735,654,0,0,0,2
3042,46754642,735,654,0,0,0,2
3043,46764642,749,674,0,0,1,0
3044,46774642,754,672,0,0,0,0
3045,46784642,754,672,0,0,0,2
3046,46794642,754,672,0,0,0,2
3047,46804642,754,672,0,0,0,2
3048,46814642,754,672,0,0,0,2
3049,46824642,754,672,0,0,0,2
3050,46834642,754,672,0,0,0,2
3051,46844642,754,672,0,0,0,2
3052,46854642,754,672,0,0,0,2
3053,46864642,774,664,0,0,1,0
3054,46874642,706,675,0,0,0,0
3055,46884642,706,675,0,0,0,2
3056,46894642,706,675,0,0,0,2
3057,46904642,706,675,0,0,0,2
3058,46914642,740,647,0,0,1,0
3059,46924642,706,663,0,0,0,0
3060,46934642,706,663,0,0,0,2
3061,46944642,706,663,0,0,0,2
3062,46954642,706,663,0,0,0,2
3063,46964642,739,669,0,0,1,0
3064,46974642,751,689,0,0,0,0
3065,46984642,751,689,0,0,0,2
3066,46994642,751,689,0,0,0,2
3067,47004642,751,689,0,0,0,2
3068,47014642,719,678,0,0,1,0
3069,47024642,721,664,0,0,0,0
3070,47034642,721,664,0,0,0,2
3071,47044642,721,664,0,0,0,2
3072,47054642,721,664,0,0,0,2
3073,47064642,721,664,0,0,0,2
3074,47074642,721,664,0,0,0,2
3075,47084642,721,664,0,0,0,2
3076,47094642,721,664,0,0,0,2
3077,47104642,732,696,0,0,1,0
3078,47114642,740,718,0,0,0,0
3079,47124642,740,718,0,0,0,2
3080,47134642,740,718,0,0,0,2
3081,47144642,740,718,0,0,0,2
3082,47154642,747,693,0,0,1,0
3083,47164642,748,691,0,0,0,0
3084,47174642,748,691,0,0,0,2
3085,47184642,748,691,0,0,0,2
3086,47194642,748,691,0,0,0,2
3087,47204642,749,676,0,0,1,0
3088,47214642,757,646,0,0,0,0
3089,47224642,757,646,0,0,0,2
3090,47234642,757,646,0,0,0,2
3091,47244642,757,646,0,0,0,2
3092,47254642,730,685,0,0,1,0
3093,47264642,714,698,0,0,0,0
3094,47274642,714,698,0,0,0,2
3095,47284642,714,698,0,0,0,2
3096,47294642,714,698,0,0,0,2
3097,47304642,714,698,0,0,0,2
3098,47314642,714,698,0,0,0,2
3099,47324642,714,698,0,0,0,2
3100,47334642,714,698,0,0,0,2
3101,47344642,714,698,0,0,0,2
3102,47354642,774,649,0,0,1,0
3103,47364642,764,665,0,0,0,0
3104,47374642,764,665,0,0,0,2
3105,47384642,764,665,0,0,0,2
3106,47394642,768,644,0,0,1,0
3107,47404642,778,665,0,0,0,0
3108,47414642,778,665,0,0,0,2
3109,47424642,778,665,0,0,0,2
3110,47434642,778,665,0,0,0,2
3111,47444642,744,627,0,0,1,0
3112,47454642,783,633,0,0,0,0
3113,47464642,783,633,0,0,0,2
3114,47474642,783,633,0,0,0,2
3115,47484642,783,633,0,0,0,2
3116,47494642,693,715,0,0,1,0
3117,47504642,689,726,0,0,0,0
3118,47514642,689,726,0,0,0,2
3119,47524642,689,726,0,0,0,2
3120,47534642,689,726,0,0,0,2
3121,47544642,689,726,0,0,0,2
3122,47554642,689,726,0,0,0,2
3123,47564642,689,726,0,0,0,2
3124,47574642,689,726,0,0,0,2
3125,47584642,689,726,0,0,0,2
3126,47594642,723,646,0,0,1,0
3127,47604642,759,627,0,0,0,0
3128,47614642,759,627,0,0,0,2
3129,47624642,759,627,0,0,0,2
3130,47634642,759,627,0,0,0,2
3131,47644642,731,696,0,0,1,0
3132,47654642,695,667,0,0,0,0
3133,47664642,695,667,0,0,0,2
3134,47674642,695,667,0,0,0,2
3135,47684642,695,667,0,0,0,2
3136,47694642,736,685,0,0,1,0
3137,47704642,722,664,0,0,0,0
3138,47714642,722,664,0,0,0,2
3139,47724642,722,664,0,0,0,2
3140,47734642,722,664,0,0,0,2
3141,47744642,710,682,0,0,1,0
3142,47754642,731,672,0,0,0,0
3143,47764642,731,672,0,0,0,2
3144,47774642,731,672,0,0,0,2
3145,47784642,731,672,0,0,0,2
3146,47794642,731,672,0,0,0,2
3147,47804642,731,672,0,0,0,2
3148,47814642,731,672,0,0,0,2
3149,47824642,731,672,0,0,0,2
3150,47834642,768,656,0,0,1,0
3151,47844642,748,664,0,0,0,0
3152,47854642,748,664,0,0,0,2
3153,47864642,748,664,0,0,0,2
3154,47874642,748,664,0,0,0,2
3155,47884642,692,674,0,0,1,0
3156,47894642,715,678,0,0,0,0
3157,47904642,715,678,0,0,0,2
3158,47914642,715,678,0,0,0,2
3159,47924642,715,678,0,0,0,2
3160,47934642,729,686,0,0,1,0
3161,47944642,735,680,0,0,0,0
3162,47954642,735,680,0,0,0,2
3163,47964642,735,680,0,0,0,2
3164,47974642,735,680,0,0,0,2
3165,47984642,721,672,0,0,1,0
3166,47994642,733,671,0,0,0,0
3167,48004642,733,671,0,0,0,2
3168,48014642,733,671,0,0,0,2
3169,48024642,733,671,0,0,0,2
3170,48034642,733,671,0,0,0,2
3171,48044642,733,671,0,0,0,2
3172,48054642,733,671,0,0,0,2
3173,48064642,733,671,0,0,0,2
3174,48074642,733,671,0,0,0,2
3175,48084642,705,675,0,0,1,0
3176,48094642,744,687,0,0,0,0
3177,48104642,744,687,0,0,0,2
3178,48114642,744,687,0,0,0,2
3179,48124642,749,668,0,0,1,0
3180,48134642,762,673,0,0,0,0
3181,48144642,762,673,0,0,0,2
3182,48154642,762,673,0,0,0,2
3183,48164642,762,673,0,0,0,2
3184,48174642,737,674,0,0,1,0
3185,48184642,758,698,0,0,0,0
3186,48194642,758,698,0,0,0,2
3187,48204642,758,698,0,0,0,2
3188,48214642,758,698,0,0,0,2
3189,48224642,746,651,0,0,1,0
3190,48234642,737,678,0,0,0,0
3191,48244642,737,678,0,0,0,2
3192,48254642,737,678,0,0,0,2
3193,48264642,737,678,0,0,0,2
3194,48274642,737,678,0,0,0,2
3195,48284642,737,678,0,0,0,2
3196,48294642,737,678,0,0,0,2
3197,48304642,737,678,0,0,0,2
3198,48314642,737,678,0,0,0,2
3199,48324642,748,661,0,0,1,0
3200,48334642,751,673,0,0,0,0
3201,48344642,751,673,0,0,0,2
3202,48354642,751,673,0,0,0,2
3203,48364642,751,673,0,0,0,2
3204,48374642,723,653,0,0,1,0
3205,48384642,745,676,0,0,0,0
3206,48394642,745,676,0,0,0,2
3207,48404642,745,676,0,0,0,2
3208,48414642,745,676,0,0,0,2
3209,48424642,738,677,0,0,1,0
3210,48434642,739,692,0,0,0,0
3211,48444642,739,692,0,0,0,2
3212,48454642,739,692,0,0,0,2
3213,48464642,739,692,0,0,0,2
3214,48474642,753,655,0,0,1,0
3215,48484642,740,671,0,0,0,0
3216,48494642,740,671,0,0,0,2
3217,48504642,740,671,0,0,0,2
3218,48514642,740,671,0,0,0,2
3219,48524642,740,671,0,0,0,2
3220,48534642,740,671,0,0,0,2
3221,48544642,740,671,0,0,0,2
3222,48554642,740,671,0,0,0,2
3223,48564642,739,637,0,0,1,0
3224,48574642,727,639,0,0,0,0
3225,48584642,727,639,0,0,0,2
3226,48594642,727,639,0,0,0,2
3227,48604642,727,639,0,0,0,2
3228,48614642,774,660,0,0,1,0
3229,48624642,763,672,0,0,0,0
3230,48634642,763,672,0,0,0,2
3231,48644642,763,672,0,0,0,2
3232,48654642,763,672,0,0,0,2
3233,48664642,747,660,0,0,1,0
3234,48674642,752,651,0,0,0,0
3235,48684642,752,651,0,0,0,2
3236,48694642,752,651,0,0,0,2
3237,48704642,752,651,0,0,0,2
3238,48714642,720,679,0,0,1,0
3239,48724642,713,676,0,0,0,0
3240,48734642,713,676,0,0,0,2
3241,48744642,713,676,0,0,0,2
3242,48754642,713,676,0,0,0,2
3243,48764642,713,676,0,0,0,2
3244,48774642,713,676,0,0,0,2
3245,48784642,713,676,0,0,0,2
3246,48794642,713,676,0,0,0,2
3247,48804642,713,676,0,0,0,2
3248,48814642,736,674,0,0,1,0
3249,48824642,713,672,0,0,0,0
3250,48834642,713,672,0,0,0,2
3251,48844642,713,672,0,0,0,2
3252,48854642,701,666,0,0,1,0
3253,48864642,740,681,0,0,0,0
3254,48874642,740,681,0,0,0,2
3255,48884642,740,681,0,0,0,2
3256,48894642,740,681,0,0,0,2
3257,48904642,765,682,0,0,1,0
3258,48914642,742,626,0,0,0,0
3259,48924642,742,626,0,0,0,2
3260,48934642,742,626,0,0,0,2
3261,48944642,742,626,0,0,0,2
3262,48954642,719,655,0,0,1,0
3263,48964642,758,667,0,0,0,0
3264,48974642,758,667,0,0,0,2
3265,48984642,758,667,0,0,0,2
3266,48994642,758,667,0,0,0,2
3267,49004642,758,667,0,0,0,2
3268,49014642,758,667,0,0,0,2
3269,49024642,758,667,0,0,0,2
3270,49034642,758,667,0,0,0,2
3271,49044642,758,667,0,0,0,2
3272,49054642,739,690,0,0,1,0
3273,49064642,742,690,0,0,0,0
3274,49074642,742,690,0,0,0,2
3275,49084642,742,690,0,0,0,2
3276,49094642,742,690,0,0,0,2
3277,49104642,778,619,0,0,1,0
3278,49114642,746,651,0,0,0,0
3279,49124642,746,651,0,0,0,2
3280,49134642,746,651,0,0,0,2
3281,49144642,746,651,0,0,0,2
3282,49154642,753,707,0,0,1,0
3283,49164642,730,690,0,0,0,0
3284,49174642,730,690,0,0,0,2
3285,49184642,730,690,0,0,0,2
3286,49194642,730,690,0,0,0,2
3287,49204642,712,691,0,0,1,0
3288,49214642,723,725,0,0,0,0
3289,49224642,723,725,0,0,0,2
3290,49234642,723,725,0,0,0,2
3291,49244642,723,725,0,0,0,2
3292,49254642,723,725,0,0,0,2
3293,49264642,723,725,0,0,0,2
3294,49274642,723,725,0,0,0,2
3295,49284642,723,725,0,0,0,2
3296,49294642,781,640,0,0,1,0
3297,49304642,744,641,0,0,0,0
3298,49314642,744,641,0,0,0,2
3299,49324642,744,641,0,0,0,2
3300,49334642,744,641,0,0,0,2
3301,49344642,702,702,0,0,1,0
3302,49354642,716,675,0,0,0,0
3303,49364642,716,675,0,0,0,2
3304,49374642,716,675,0,0,0,2
3305,49384642,716,675,0,0,0,2
3306,49394642,723,688,0,0,1,0
3307,49404642,720,692,0,0,0,0
3308,49414642,720,692,0,0,0,2
3309,49424642,720,692,0,0,0,2
3310,49434642,720,692,0,0,0,2
3311,49444642,700,684,0,0,1,0
3312,49454642,721,654,0,0,0,0
3313,49464642,721,654,0,0,0,2
3314,49474642,721,654,0,0,0,2
3315,49484642,721,654,0,0,0,2
3316,49494642,721,654,0,0,0,2
3317,49504642,721,654,0,0,0,2
3318,49514642,721,654,0,0,0,2
3319,49524642,721,654,0,0,0,2
3320,49534642,721,654,0,0,0,2
3321,49544642,681,650,0,0,1,0
3322,49554642,732,659,0,0,0,0
3323,49564642,732,659,0,0,0,2
3324,49574642,732,659,0,0,0,2
3325,49584642,710,679,0,0,1,0
3326,49594642,700,660,0,0,0,0
3327,49604642,700,660,0,0,0,2
3328,49614642,700,660,0,0,0,2
3329,49624642,700,660,0,0,0,2
3330,49634642,695,644,0,0,1,0
3331,49644642,690,674,0,0,0,0
3332,49654642,690,674,0,0,0,2
3333,49664642,690,674,0,0,0,2
3334,49674642,690,674,0,0,0,2
3335,49684642,729,687,0,0,1,0
3336,49694642,717,679,0,0,0,0
3337,49704642,717,679,0,0,0,2
3338,49714642,717,679,0,0,0,2
3339,49724642,717,679,0,0,0,2
3340,49734642,717,679,0,0,0,2
3341,49744642,717,679,0,0,0,2
3342,49754642,717,679,0,0,0,2
3343,49764642,717,679,0,0,0,2
3344,49774642,717,679,0,0,0,2
3345,49784642,749,676,0,0,1,0
3346,49794642,764,698,0,0,0,0
3347,49804642,764,698,0,0,0,2
3348,49814642,764,698,0,0,0,2
3349,49824642,764,698,0,0,0,2
3350,49834642,711,683,0,0,1,0
3351,49844642,732,682,0,0,0,0
3352,49854642,732,682,0,0,0,2
3353,49864642,732,682,0,0,0,2
3354,49874642,732,682,0,0,0,2
3355,49884642,739,666,0,0,1,0
3356,49894642,760,664,0,0,0,0
3357,49904642,760,664,0,0,0,2
3358,49914642,760,664,0,0,0,2
3359,49924642,760,664,0,0,0,2
3360,49934642,760,666,0,0,1,0
3361,49944642,749,665,0,0,0,0
3362,49954642,749,665,0,0,0,2
3363,49964642,749,665,0,0,0,2
3364,49974642,749,665,0,0,0,2
3365,49984642,749,665,0,0,0,2
3366,49994642,749,665,0,0,0,2
3367,50004642,749,665,0,0,0,2
3368,50014642,749,665,0,0,0,2
3369,50024642,746,660,0,0,1,0
3370,50034642,754,663,0,0,0,0
3371,50044642,754,663,0,0,0,2
3372,50054642,754,663,0,0,0,2
3373,50064642,754,663,0,0,0,2
3374,50074642,754,671,0,0,1,0
3375,50084642,746,651,0,0,0,0
3376,50094642,746,651,0,0,0,2
3377,50104642,746,651,0,0,0,2
3378,50114642,746,651,0,0,0,2
3379,50124642,757,688,0,0,1,0
3380,50134642,723,701,0,0,0,0
3381,50144642,723,701,0,0,0,2
3382,50154642,723,701,0,0,0,2
3383,50164642,723,701,0,0,0,2
3384,50174642,731,677,0,0,1,0
3385,50184642,738,700,0,0,0,0
3386,50194642,738,700,0,0,0,2
3387,50204642,738,700,0,0,0,2
3388,50214642,738,700,0,0,0,2
3389,50224642,738,700,0,0,0,2
3390,50234642,738,700,0,0,0,2
3391,50244642,738,700,0,0,0,2
3392,50254642,738,700,0,0,0,2
3393,50264642,738,700,0,0,0,2
3394,50274642,788,663,0,0,1,0
3395,50284642,736,674,0,0,0,0
3396,50294642,736,674,0,0,0,2
3397,50304642,736,674,0,0,0,2
3398,50314642,746,670,0,0,1,0
3399,50324642,750,647,0,0,0,0
3400,50334642,750,647,0,0,0,2
3401,50344642,750,647,0,0,0,2
3402,50354642,750,647,0,0,0,2
3403,50364642,763,676,0,0,1,0
3404,50374642,749,673,0,0,0,0
3405,50384642,749,673,0,0,0,2
3406,50394642,749,673,0,0,0,2
3407,50404642,749,673,0,0,0,2
3408,50414642,743,647,0,0,1,0
3409,50424642,762,668,0,0,0,0
3410,50434642,762,668,0,0,0,2
3411,50444642,762,668,0,0,0,2
3412,50454642,762,668,0,0,0,2
3413,50464642,762,668,0,0,0,2
3414,50474642,762,668,0,0,0,2
3415,50484642,762,668,0,0,0,2
3416,50494642,762,668,0,0,0,2
3417,50504642,762,668,0,0,0,2
3418,50514642,731,655,0,0,1,0
3419,50524642,741,670,0,0,0,0
3420,50534642,741,670,0,0,0,2
3421,50544642,741,670,0,0,0,2
3422,50554642,741,670,0,0,0,2
3423,50564642,712,664,0,0,1,0
3424,50574642,721,636,0,0,0,0
3425,50584642,721,636,0,0,0,2
3426,50594642,721,636,0,0,0,2
3427,50604642,721,636,0,0,0,2
3428,50614642,761,661,0,0,1,0
3429,50624642,701,680,0,0,0,0
3430,50634642,701,680,0,0,0,2
3431,50644642,701,680,0,0,0,2
3432,50654642,701,680,0,0,0,2
3433,50664642,736,686,0,0,1,0
3434,50674642,743,686,0,0,0,0
3435,50684642,743,686,0,0,0,2
3436,50694642,743,686,0,0,0,2
3437,50704642,743,686,0,0,0,2
3438,50714642,743,686,0,0,0,2
3439,50724642,743,686,0,0,0,2
3440,50734642,743,686,0,0,0,2
3441,50744642,743,686,0,0,0,2
3442,50754642,731,691,0,0,1,0
3443,50764642,710,689,0,0,0,0
3444,50774642,710,689,0,0,0,2
3445,50784642,710,689,0,0,0,2
3446,50794642,710,689,0,0,0,2
3447,50804642,784,651,0,0,1,0
3448,50814642,763,647,0,0,0,0
3449,50824642,763,647,0,0,0,2
3450,50834642,763,647,0,0,0,2
3451,50844642,763,647,0,0,0,2
3452,50854642,747,698,0,0,1,0
3453,50864642,710,699,0,0,0,0
3454,50874642,710,699,0,0,0,2
3455,50884642,710,699,0,0,0,2
3456,50894642,710,699,0,0,0,2
3457,50904642,726,681,0,0,1,0
3458,50914642,738,701,0,0,0,0
3459,50924642,738,701,0,0,0,2
3460,50934642,738,701,0,0,0,2
3461,50944642,738,701,0,0,0,2
3462,50954642,738,701,0,0,0,2
3463,50964642,738,701,0,0,0,2
3464,50974642,738,701,0,0,0,2
3465,50984642,738,701,0,0,0,2
3466,50994642,738,701,0,0,0,2
3467,51004642,743,634,0,0,1,0
3468,51014642,725,623,0,0,0,0
3469,51024642,725,623,0,0,0,2
3470,51034642,725,623,0,0,0,2
3471,51044642,702,711,0,0,1,0
3472,51054642,725,710,0,0,0,0
3473,51064642,725,710,0,0,0,2
3474,51074642,725,710,0,0,0,2
3475,51084642,725,710,0,0,0,2
3476,51094642,749,619,0,0,1,0
3477,51104642,753,623,0,0,0,0
3478,51114642,753,623,0,0,0,2
3479,51124642,753,623,0,0,0,2
3480,51134642,753,623,0,0,0,2
3481,51144642,782,637,0,0,1,0
3482,51154642,754,654,0,0,0,0
3483,51164642,754,654,0,0,0,2
3484,51174642,754,654,0,0,0,2
3485,51184642,754,654,0,0,0,2
3486,51194642,754,654,0,0,0,2
3487,51204642,754,654,0,0,0,2
3488,51214642,754,654,0,0,0,2
3489,51224642,754,654,0,0,0,2
3490,51234642,754,654,0,0,0,2
3491,51244642,775,636,0,0,1,0
3492,51254642,764,630,0,0,0,0
3493,51264642,764,630,0,0,0,2
3494,51274642,764,630,0,0,0,2
3495,51284642,764,630,0,0,0,2
3496,51294642,706,665,0,0,1,0
3497,51304642,730,665,0,0,0,0
3498,51314642,730,665,0,0,0,2
3499,51324642,730,665,0,0,0,2
3500,51334642,730,665,0,0,0,2
3501,51344642,714,675,0,0,1,0
3502,51354642,684,660,0,0,0,0
3503,51364642,684,660,0,0,0,2
3504,51374642,684,660,0,0,0,2
3505,51384642,684,660,0,0,0,2
3506,51394642,788,669,0,0,1,0
3507,51404642,738,677,0,0,0,0
3508,51414642,738,677,0,0,0,2
3509,51424642,738,677,0,0,0,2
3510,51434642,738,677,0,0,0,2
3511,51444642,738,677,0,0,0,2
3512,51454642,738,677,0,0,0,2
3513,51464642,738,677,0,0,0,2
3514,51474642,738,677,0,0,0,2
3515,51484642,714,671,0,0,1,0
3516,51494642,717,679,0,0,0,0
3517,51504642,717,679,0,0,0,2
3518,51514642,717,679,0,0,0,2
3519,51524642,717,679,0,0,0,2
3520,51534642,723,672,0,0,1,0
3521,51544642,741,678,0,0,0,0
3522,51554642,741,678,0,0,0,2
3523,51564642,741,678,0,0,0,2
3524,51574642,741,678,0,0,0,2
3525,51584642,742,691,0,0,1,0
3526,51594642,738,674,0,0,0,0
3527,51604642,738,674,0,0,0,2
3528,51614642,738,674,0,0,0,2
3529,51624642,738,674,0,0,0,2
3530,51634642,727,679,0,0,1,0
3531,51644642,749,661,0,0,0,0
3532,51654642,749,661,0,0,0,2
3533,51664642,749,661,0,0,0,2
3534,51674642,749,661,0,0,0,2
3535,51684642,749,661,0,0,0,2
3536,51694642,749,661,0,0,0,2
3537,51704642,749,661,0,0,0,2
3538,51714642,749,661,0,0,0,2
3539,51724642,749,661,0,0,0,2
3540,51734642,748,682,0,0,1,0
3541,51744642,747,688,0,0,0,0
3542,51754642,747,688,0,0,0,2
3543,51764642,747,688,0,0,0,2
3544,51774642,747,688,0,0,0,2
3545,51784642,736,676,0,0,1,0
3546,51794642,729,676,0,0,0,0
3547,51804642,729,676,0,0,0,2
3548,51814642,729,676,0,0,0,2
3549,51824642,729,676,0,0,0,2
3550,51834642,728,669,0,0,1,0
3551,51844642,752,668,0,0,0,0
3552,51854642,752,668,0,0,0,2
3553,51864642,752,668,0,0,0,2
3554,51874642,752,668,0,0,0,2
3555,51884642,744,683,0,0,1,0
3556,51894642,747,671,0,0,0,0
3557,51904642,747,671,0,0,0,2
3558,51914642,747,671,0,0,0,2
3559,51924642,747,671,0,0,0,2
3560,51934642,747,671,0,0,0,2
3561,51944642,747,671,0,0,0,2
3562,51954642,747,671,0,0,0,2
3563,51964642,747,671,0,0,0,2
3564,51974642,749,666,0,0,1,0
3565,51984642,734,677,0,0,0,0
3566,51994642,734,677,0,0,0,2
3567,52004642,734,677,0,0,0,2
3568,52014642,734,677,0,0,0,2
3569,52024642,742,672,0,0,1,0
3570,52034642,744,718,0,0,0,0
3571,52044642,744,718,0,0,0,2
3572,52054642,744,718,0,0,0,2
3573,52064642,744,718,0,0,0,2
3574,52074642,733,677,0,0,1,0
3575,52084642,750,662,0,0,0,0
3576,52094642,750,662,0,0,0,2
3577,52104642,750,662,0,0,0,2
3578,52114642,750,662,0,0,0,2
3579,52124642,717,653,0,0,1,0
3580,52134642,735,656,0,0,0,0
3581,52144642,735,656,0,0,0,2
3582,52154642,735,656,0,0,0,2
3583,52164642,735,656,0,0,0,2
3584,52174642,735,656,0,0,0,2
3585,52184642,735,656,0,0,0,2
3586,52194642,735,656,0,0,0,2
3587,52204642,735,656,0,0,0,2
3588,52214642,735,656,0,0,0,2
3589,52224642,778,653,0,0,1,0
3590,52234642,750,623,0,0,0,0
3591,52244642,750,623,0,0,0,2
3592,52254642,750,623,0,0,0,2
3593,52264642,742,656,0,0,1,0
3594,52274642,736,640,0,0,0,0
3595,52284642,736,640,0,0,0,2
3596,52294642,736,640,0,0,0,2
3597,52304642,736,640,0,0,0,2
3598,52314642,722,659,0,0,1,0
3599,52324642,737,683,0,0,0,0
3600,52334642,737,683,0,0,0,2
3601,52344642,737,683,0,0,0,2
3602,52354642,737,683,0,0,0,2
3603,52364642,742,660,0,0,1,0
3604,52374642,730,671,0,0,0,0
3605,52384642,730,671,0,0,0,2
3606,52394642,730,671,0,0,0,2
3607,52404642,730,671,0,0,0,2
3608,52414642,730,671,0,0,0,2
3609,52424642,730,671,0,0,0,2
3610,52434642,730,671,0,0,0,2
3611,52444642,730,671,0,0,0,2
3612,52454642,730,671,0,0,0,2
3613,52464642,757,683,0,0,1,0
3614,52474642,737,689,0,0,0,0
3615,52484642,737,689,0,0,0,2
3616,52494642,737,689,0,0,0,2
3617,52504642,737,689,0,0,0,2
3618,52514642,739,661,0,0,1,0
3619,52524642,718,673,0,0,0,0
3620,52534642,718,673,0,0,0,2
3621,52544642,718,673,0,0,0,2
3622,52554642,718,673,0,0,0,2
3623,52564642,741,699,0,0,1,0
3624,52574642,737,690,0,0,0,0
3625,52584642,737,690,0,0,0,2
3626,52594642,737,690,0,0,0,2
3627,52604642,737,690,0,0,0,2
3628,52614642,730,652,0,0,1,0
3629,52624642,759,662,0,0,0,0
3630,52634642,759,662,0,0,0,2
3631,52644642,759,662,0,0,0,2
3632,52654642,759,662,0,0,0,2
3633,52664642,759,662,0,0,0,2
3634,52674642,759,662,0,0,0,2
3635,52684642,759,662,0,0,0,2
3636,52694642,759,662,0,0,0,2
3637,52704642,732,707,0,0,1,0
3638,52714642,739,690,0,0,0,0
3639,52724642,739,690,0,0,0,2
3640,52734642,739,690,0,0,0,2
3641,52744642,739,690,0,0,0,2
3642,52754642,732,702,0,0,1,0
3643,52764642,735,691,0,0,0,0
3644,52774642,735,691,0,0,0,2
3645,52784642,735,691,0,0,0,2
3646,52794642,735,691,0,0,0,2
3647,52804642,763,671,0,0,1,0
3648,52814642,770,621,0,0,0,0
3649,52824642,770,621,0,0,0,2
3650,52834642,770,621,0,0,0,2
3651,52844642,770,621,0,0,0,2
3652,52854642,719,706,0,0,1,0
3653,52864642,726,688,0,0,0,0
3654,52874642,726,688,0,0,0,2
3655,52884642,726,688,0,0,0,2
3656,52894642,726,688,0,0,0,2
3657,52904642,726,688,0,0,0,2
3658,52914642,726,688,0,0,0,2
3659,52924642,726,688,0,0,0,2
3660,52934642,726,688,0,0,0,2
3661,52944642,726,688,0,0,0,2
3662,52954642,716,643,0,0,1,0
3663,52964642,760,621,0,0,0,0
3664,52974642,760,621,0,0,0,2
3665,52984642,760,621,0,0,0,2
3666,52994642,792,653,0,0,1,0
3667,53004642,767,639,0,0,0,0
3668,53014642,767,639,0,0,0,2
3669,53024642,767,639,0,0,0,2
3670,53034642,767,639,0,0,0,2
3671,53044642,704,713,0,0,1,0
3672,53054642,696,721,0,0,0,0
3673,53064642,696,721,0,0,0,2
3674,53074642,696,721,0,0,0,2
3675,53084642,696,721,0,0,0,2
3676,53094642,717,705,0,0,1,0
3677,53104642,706,673,0,0,0,0
3678,53114642,706,673,0,0,0,2
3679,53124642,706,673,0,0,0,2
3680,53134642,706,673,0,0,0,2
3681,53144642,706,673,0,0,0,2
3682,53154642,706,673,0,0,0,2
3683,53164642,706,673,0,0,0,2
3684,53174642,706,673,0,0,0,2
3685,53184642,706,673,0,0,0,2
3686,53194642,748,643,0,0,1,0
3687,53204642,766,634,0,0,0,0
3688,53214642,766,634,0,0,0,2
3689,53224642,766,634,0,0,0,2
3690,53234642,757,635,0,0,1,0
3691,53244642,781,662,0,0,0,0
3692,53254642,781,662,0,0,0,2
3693,53264642,781,662,0,0,0,2
3694,53274642,781,662,0,0,0,2
3695,53284642,740,606,0,0,1,0
3696,53294642,752,611,0,0,0,0
3697,53304642,752,611,0,0,0,2
3698,53314642,752,611,0,0,0,2
3699,53324642,752,611,0,0,0,2
3700,53334642,791,645,0,0,1,0
3701,53344642,774,652,0,0,0,0
3702,53354642,774,652,0,0,0,2
3703,53364642,774,652,0,0,0,2
3704,53374642,774,652,0,0,0,2
3705,53384642,774,652,0,0,0,2
3706,53394642,774,652,0,0,0,2
3707,53404642,774,652,0,0,0,2
3708,53414642,774,652,0,0,0,2
3709,53424642,774,652,0,0,0,2
3710,53434642,705,673,0,0,1,0
3711,53444642,713,674,0,0,0,0
3712,53454642,713,674,0,0,0,2
3713,53464642,713,674,0,0,0,2
3714,53474642,713,674,0,0,0,2
